{"eval_loss": 1.0105438232421875, "eval_accuracy": 0.6621945376137998, "eval_kappa": 0.7160132500148744, "eval_f1": 0.6687621911176347, "eval_roc_auc": 0.867538143744546, "eval_class_0": 0.8506628334131928, "eval_class_1": 0.8957834211787254, "eval_class_2": 0.7519565564606293, "eval_class_3": 0.9163871586008625, "eval_class_4": 0.9095991055741894, "eval_runtime": 531.942, "eval_samples_per_second": 23.54, "eval_steps_per_second": 5.886}