{"eval_loss": 1.013948678970337, "eval_accuracy": 0.7122664111164351, "eval_kappa": 0.7260218521967463, "eval_f1": 0.710358824204962, "eval_roc_auc": 0.8616637801252777, "eval_class_0": 0.8540967896502156, "eval_class_1": 0.9306819996805622, "eval_class_2": 0.7833413192780706, "eval_class_3": 0.9184635042325507, "eval_class_4": 0.937949209391471, "eval_runtime": 194.2935, "eval_samples_per_second": 64.449, "eval_steps_per_second": 16.115}