{"eval_loss": 0.9354491829872131, "eval_accuracy": 0.7106692221689825, "eval_kappa": 0.7852100448905447, "eval_f1": 0.7170648938263056, "eval_roc_auc": 0.8678247969876933, "eval_class_0": 0.8683916307299153, "eval_class_1": 0.9121546078901134, "eval_class_2": 0.7815844114358729, "eval_class_3": 0.9229356332854176, "eval_class_4": 0.9362721609966459, "eval_runtime": 372.8591, "eval_samples_per_second": 33.584, "eval_steps_per_second": 8.397}