{"eval_loss": 0.9101572036743164, "eval_accuracy": 0.7069956875898419, "eval_kappa": 0.7722484394646028, "eval_f1": 0.7170594421226747, "eval_roc_auc": 0.8815747985141869, "eval_class_0": 0.8836447851780865, "eval_class_1": 0.9230154927327903, "eval_class_2": 0.7733588883564926, "eval_class_3": 0.9048873981792046, "eval_class_4": 0.9290848107331098, "eval_runtime": 597.0424, "eval_samples_per_second": 20.973, "eval_steps_per_second": 5.244}